Article ID,Article
1,Climate change is causing global temperatures to rise significantly.
2,AI is revolutionizing healthcare by improving diagnostics.
3,The economic growth of 2024 is expected to surpass previous records.
4,Regular exercise can improve mental health and reduce stress.
5,Global trade policies are becoming more stringent post-pandemic.
6,Astronomers have discovered a new exoplanet capable of sustaining life.
7,Blockchain technology is transforming the financial sector.
8,Space exploration missions are breaking new ground in interstellar travel.
9,Education systems are embracing online learning tools globally.
10,The biodiversity of rainforests is under threat from deforestation.
11,Technological advancements are improving renewable energy sources.
12,Psychological studies reveal the benefits of mindfulness meditation.
13,New agricultural techniques are enhancing food security worldwide.
14,The fashion industry is moving towards sustainable practices.
15,Electric vehicles are reducing carbon footprints in urban areas.
16,Marine ecosystems are being affected by ocean acidification.
17,The rise of e-commerce is reshaping global retail markets.
18,Cybersecurity threats are becoming more sophisticated every year.
19,Developing countries are seeing increased access to mobile banking.
20,The gig economy is changing traditional employment models.
21,Medical research is advancing treatments for rare genetic disorders.
22,Wildlife conservation efforts are gaining traction internationally.
23,The history of art reveals fascinating cultural exchanges.
24,Breakthroughs in quantum computing are expected to accelerate soon.
25,Social media influences are reshaping public opinions on major issues.
26,The film industry is seeing a resurgence in original storytelling.
27,Renewable energy installations are surpassing fossil fuel projects.
28,Urban planning is prioritizing green spaces for better living conditions.
29,The tourism industry is recovering rapidly after global restrictions.
30,Advancements in genetics are unlocking potential cures for diseases.
31,Public transportation systems are adopting cleaner technologies.
32,Cultural festivals are fostering global unity and understanding.
33,The gaming industry is exploring immersive virtual reality experiences.
34,Startups are driving innovation in the tech ecosystem.
35,The study of ancient civilizations provides insights into modern society.
36,Climate activism is gaining momentum among younger generations.
37,Traditional media is adapting to the challenges posed by digital platforms.
38,New discoveries in archaeology are rewriting historical narratives.
39,Robotics is automating complex industrial processes worldwide.
40,Ocean cleanup initiatives are targeting plastic pollution.
41,Renewable energy is becoming more cost-effective than ever before.
42,AI-powered personal assistants are becoming household staples.
43,The healthcare sector is leveraging data analytics for better patient care.
44,Smart cities are integrating IoT devices for better infrastructure management.
45,Remote work trends are reshaping the concept of workplaces.
46,The future of education lies in personalized learning experiences.
47,The role of diplomacy in conflict resolution is evolving.
48,Esports is emerging as a dominant force in the entertainment industry.
49,Space tourism is on the brink of becoming a reality for civilians.
50,Renewed interest in classical music is bridging generational gaps.
51,Animal welfare organizations are advocating for stricter laws.
52,The fashion industry is experimenting with AI-driven design tools.
53,Public health campaigns are combating misinformation effectively.
54,The renewable energy sector is driving job creation worldwide.
55,Cryptocurrencies are being adopted by mainstream financial institutions.
56,The importance of sleep for mental health is gaining recognition.
57,Smart home devices are improving energy efficiency.
58,Climate change policies are becoming central to global discussions.
59,The development of self-driving cars is accelerating rapidly.
60,Renewable hydrogen is being hailed as the fuel of the future.
61,The study of languages is benefiting from advanced linguistic tools.
62,Advancements in prosthetics are improving the lives of amputees.
63,Data privacy laws are being strengthened globally.
64,AI is revolutionizing content creation and editing.
65,Conservation photography is raising awareness about endangered species.
66,The impact of urbanization on traditional lifestyles is being studied.
67,The resurgence of local crafts is boosting small-scale industries.
68,The role of women in STEM fields is expanding significantly.
69,Renewable energy storage solutions are becoming more efficient.
70,The significance of coral reefs in marine biodiversity is highlighted.
71,Public policies are focusing on mental health awareness.
72,The ethical implications of AI are sparking global debates.
73,The importance of storytelling in cultural preservation is recognized.
74,Artificial intelligence is aiding in natural disaster prediction.
75,The demand for plant-based diets is reshaping food industries.
76,New architectural designs prioritize sustainability and resilience.
77,The history of space exploration inspires future generations.
78,The growing popularity of podcasts is transforming media consumption.
79,Virtual tourism is providing unique travel experiences.
80,Digital payment systems are replacing cash transactions worldwide.
81,The study of biodiversity hotspots is crucial for conservation.
82,The integration of AI in education enhances learning outcomes.
83,Research on renewable materials is revolutionizing construction.
84,Healthcare systems are preparing for future pandemics.
85,The rise of clean energy partnerships is accelerating progress.
86,The global film industry is diversifying its narratives and talent.
87,The role of artificial intelligence in language translation is growing.
88,The challenges of water scarcity are spurring innovative solutions.
89,The impact of deforestation on climate change is being analyzed.
90,The future of robotics in healthcare looks promising.
91,The study of ancient artifacts reveals lost technologies.
92,Online gaming communities are fostering social connections.
93,The global shift towards electric transportation is picking up pace.
94,The exploration of deep-sea ecosystems uncovers unknown species.
95,The cultural significance of traditional cuisines is being celebrated.
96,Advancements in vaccine research are preventing global outbreaks.
97,The role of renewable energy in rural electrification is vital.
